codigo;nombre;creditos;grupo;tipo;profesor;horarios;requisitos;correquisitos;choca;puede_matricular
CE1101;Introducción a la programación;3;3;Regular;Araya Martinez Leonardo;MIE 07:30-09:20|VIE 07:30-09:20;;;1;0
CE1101;Introducción a la programación;3;4;Regular;Gamboa Ramirez Santiago;MIE 15:00-16:50|VIE 15:00-16:50;;;1;0
CE1101;Introducción a la programación;3;5;Regular;Ramirez Trejos Ellioth;MIE 15:00-16:50|VIE 15:00-16:50;;;1;0
CE1101;Introducción a la programación;3;1;Semipresencial;Schmidt Peralta Jeff;MAR 07:30-09:20|JUE 07:30-09:20;;;1;0
CE1101;Introducción a la programación;3;2;Regular;Schmidt Peralta Jeff;MAR 09:30-11:20|JUE 09:30-11:20;;;1;0
CE1103;Algoritmos y estructuras de datos I;4;3;Semipresencial;Barboza Artavia Luis;MAR 09:30-11:20|JUE 09:30-11:20;CE1101,CE1104,MA1403;;1;1
CE1103;Algoritmos y estructuras de datos I;4;2;Semipresencial;Gamboa Ramirez Santiago;MAR 15:00-16:50|JUE 15:00-16:50;CE1101,CE1104,MA1403;;1;1
CE1103;Algoritmos y estructuras de datos I;4;1;Semipresencial;Ramirez Trejos Ellioth;MIE 17:00-18:50|VIE 17:00-18:50;CE1101,CE1104,MA1403;;1;1
CE1103;Algoritmos y estructuras de datos I;4;1;Semipresencial;Vargas Rivera Andres;MAR 17:00-18:50|JUE 17:00-18:50;CE1101,CE1104,MA1403;;1;1
CE1104;Fundamentos de sistemas computacionales;3;2;Regular;Araya Martinez Leonardo;MIE 09:30-11:20|VIE 09:30-11:20;;CE1101;1;0
CE1104;Fundamentos de sistemas computacionales;3;3;Regular;Barboza Artavia Luis;MAR 09:30-11:20|JUE 09:30-11:20;;CE1101;1;0
CE1104;Fundamentos de sistemas computacionales;3;5;Regular;Calderon Prado Kimberly;MAR 15:00-16:50|JUE 15:00-16:50;;CE1101;1;0
CE1104;Fundamentos de sistemas computacionales;3;4;Regular;Gamboa Ramirez Santiago;MIE 17:00-18:50|VIE 17:00-18:50;;CE1101;1;0
CE1104;Fundamentos de sistemas computacionales;3;1;Regular;Villegas Lemus Milton;MAR 07:30-09:20|JUE 07:30-09:20;;CE1101;1;0
CE1105;Principios de modelado en Ingeniería;3;3;Semipresencial;Hernandez Vasquez Marco;MAR 19:00-20:50|JUE 19:00-20:50;CE1104;;1;1
CE1105;Principios de modelado en Ingeniería;3;2;Semipresencial;Mora Rojas Diego;MAR 17:00-18:50|JUE 17:00-18:50;CE1104;;1;1
CE1105;Principios de modelado en Ingeniería;3;1;Semipresencial;Mora Rojas Diego;MAR 17:00-18:50|JUE 17:00-18:50;CE1104;;1;1
CE1105;Principios de modelado en Ingeniería;3;2;Semipresencial;Rivera Meneses Marco;MIE 17:00-18:50|VIE 17:00-18:50;CE1104;;1;1
CE2103;Algoritmos y estructuras de datos II;4;2;Semipresencial;Hernandez Vasquez Marco;MAR 17:00-18:50|JUE 17:00-18:50;CE1103,CE1105;;1;0
CE2103;Algoritmos y estructuras de datos II;4;1;Semipresencial;Ramirez Herrera Jose Isaac;MIE 19:00-20:50|VIE 19:00-20:50;CE1103,CE1105;;1;0
CE2103;Algoritmos y estructuras de datos II;4;1;Semipresencial;Ramirez Herrera Jose Isaac;MAR 07:30-09:20|JUE 07:30-09:20;CE1103,CE1105;;1;0
MA0101;Matemática General;2;30;Semipresencial;Reiman Acuña Chacón;MIE 18:00-20:50|VIE 18:00-19:50;;;1;0
MA0101;Matemática General;2;21;Regular;Andy Alvarado Solano;MIE 07:30-10:20|VIE 07:30-09:20;;;1;0
MA0101;Matemática General;2;28;Grupo RN;Roberto Azofeifa Cubero;MIE 16:00-18:50|VIE 16:00-17:50;;;1;0
MA0101;Matemática General;2;18;Regular;Erick Chacón Vargas;MAR 17:00-19:50|JUE 17:00-18:50;;;1;0
MA0101;Matemática General;2;4;Regular;Marcial Cordero Quirós;MAR 09:30-11:20|JUE 09:30-12:20;;;1;0
MA1102;Cálculo Diferencial e Integral;4;11;Regular;Roberto Azofeifa Cubero;MIE 07:30-10:20|VIE 07:30-09:20;MA0101;;1;0
MA1102;Cálculo Diferencial e Integral;4;4;Asistida;Manuel Calderón Solano;MAR 09:30-12:20|JUE 10:30-12:20;MA0101;;1;0
MA1102;Cálculo Diferencial e Integral;4;13;Regular;Manuel Calderón Solano;MIE 13:00-15:50|VIE 13:00-14:50;MA0101;;1;0
MA1102;Cálculo Diferencial e Integral;4;16;Semipresencial;Juan José Fallas Monge;MIE 16:00-18:50|VIE 16:00-17:50;MA0101;;1;0
MA1102;Cálculo Diferencial e Integral;4;2;Grupo RN;Jorge Jiménez Madrigal;MAR 07:30-09:20|JUE 07:30-10:20;MA0101;;1;0
MA1103;Cálculo y Álgebra Lineal;4;5;Regular;Jorge Luis Chinchilla Valverde;MAR 15:00-16:50|JUE 15:00-16:50;MA1102;;1;1
MA1103;Cálculo y Álgebra Lineal;4;4;Regular;Geovanni Figueroa Mata;MAR 13:00-14:50|JUE 13:00-14:50;MA1102;;1;1
MA1103;Cálculo y Álgebra Lineal;4;8;Regular;Geovanni Figueroa Mata;MIE 13:00-14:50|VIE 13:00-14:50;MA1102;;1;1
MA1103;Cálculo y Álgebra Lineal;4;15;Regular;Geovanni Figueroa Mata;MAR 18:00-19:50|JUE 18:00-19:50;MA1102;;1;1
MA1103;Cálculo y Álgebra Lineal;4;3;Regular;Marco Vinicio Gutiérrez Montenegro;MAR 09:30-11:20|JUE 09:30-11:20;MA1102;;1;1
MA1403;Matemática Discreta;4;10;Regular;Jeison Esquivel Samudio;MIE 18:00-19:50|VIE 18:00-19:50;;;1;0
MA1403;Matemática Discreta;4;3;Regular;Juan José Fallas Monge;MAR 13:00-14:50|JUE 13:00-14:50;;;1;0
MA1403;Matemática Discreta;4;6;Regular;Juan José Fallas Monge;MIE 07:30-09:20|VIE 07:30-09:20;;;1;0
MA1403;Matemática Discreta;4;5;Semipresencial;Grettel Gutiérrez Ruiz;MAR 18:00-19:50|JUE 18:00-19:50;;;1;0
MA1403;Matemática Discreta;4;4;Regular;Greivin Ramírez Arce;MAR 16:00-17:50|JUE 16:00-17:50;;;1;0
MA1403;Matemática Discreta;4;1;Regular;Juan Jose Fallas Monge;MAR 13:00-14:50;;;1;0
MA2104;Cálculo Superior;4;2;Semipresencial;Alexander Borbón Alpízar;MAR 18:00-19:50|JUE 18:00-19:50;MA1103;;1;0
MA2104;Cálculo Superior;4;7;Regular;Erick Chacón Vargas;MAR 13:00-14:50|JUE 13:00-14:50;MA1103;;1;0
MA2104;Cálculo Superior;4;6;Regular;Jeison Esquivel Samudio;SAB 07:30-11:20;MA1103;;1;0
MA2104;Cálculo Superior;4;5;Semipresencial;Arturo Vega Vasquez;SAB 07:30-11:20;MA1103;;1;0
MA2104;Cálculo Superior;4;4;Regular;Alejandra Jiménez Romero;MAR 09:30-11:20|JUE 09:30-11:20;MA1103;;1;0
FI1101;Física general I;3;8;Regular;Corrales Quesada Esteban;MAR 15:00-16:50|JUE 15:00-16:50;MA1102;;1;0
FI1101;Física general I;3;9;Regular;Corrales Quesada Esteban;MAR 17:00-18:50|JUE 17:00-18:50;MA1102;;1;0
FI1101;Física general I;3;10;Semipresencial;Elizondo Zúñiga Jennifer;MIE 09:30-11:20|VIE 09:30-11:20;MA1102;;1;0
FI1101;Física general I;3;4;Regular;Elizondo Zúñiga Jennifer;MAR 09:30-11:20|JUE 09:30-11:20;MA1102;;1;0
FI1102;Física general II;3;1;Regular;Lobo Zamora Juan Carlos;MAR 07:30-09:20|JUE 07:30-09:20;FI1101;MA1102;1;1
FI1102;Física general II;3;7;Regular;Murillo Zumbado Gustavo;MIE 09:30-11:20|VIE 09:30-11:20;FI1101;MA1102;1;1
FI1102;Física general II;3;6;Regular;Murillo Zumbado Gustavo;MIE 07:30-09:20|VIE 07:30-09:20;FI1101;MA1102;1;1
FI1102;Física general II;3;11;Regular;Murillo Zumbado Gustavo;MAR 09:30-11:20|JUE 09:30-11:20;FI1101;MA1102;1;1
FI1102;Física general II;3;5;Semipresencial;Oreamuno Madriz Rafael;MAR 15:00-16:50|JUE 15:00-16:50;FI1101;MA1102;1;1
FI1201;Laboratorio física general I;1;11;Regular;Alfaro Alvarado José Abrahán;JUE 07:30-09:20;;FI1101;1;0
FI1201;Laboratorio física general I;1;27;Regular;Alfaro Alvarado José Abrahán;JUE 17:00-18:50;;FI1101;1;0
FI1201;Laboratorio física general I;1;23;Regular;Cambronero Cordero Michael;MIE 15:00-16:50;;FI1101;1;0
FI1201;Laboratorio física general I;1;24;Regular;Cambronero Cordero Michael;MIE 17:00-18:50;;FI1101;1;0
FI1201;Laboratorio física general I;1;3;Regular;Campos Rodríguez Melania;MAR 13:00-14:50;;FI1101;1;0
FI1202;Laboratorio física general II;1;7;Regular;Araya Solano Luis Alonso;MIE 17:00-18:50;FI1201;FI1102;1;1
FI1202;Laboratorio física general II;1;1;Regular;Araya Solano Luis Alonso;MAR 09:30-11:20;FI1201;FI1102;1;1
FI1202;Laboratorio física general II;1;2;Regular;Araya Solano Luis Alonso;MAR 13:00-14:50;FI1201;FI1102;1;1
FI1202;Laboratorio física general II;1;2;Regular;Campos Rodríguez Melania;MAR 13:00-14:50;FI1201;FI1102;1;1
FI1202;Laboratorio física general II;1;3;Regular;Campos Rodríguez Melania;MAR 17:00-18:50;FI1201;FI1102;1;1
QU1102;Laboratorio de química básica I;1;2;Regular;Abarca Guerrero Lilliana;MAR 07:30-09:20;;QU1106;1;1
QU1102;Laboratorio de química básica I;1;11;Regular;Abarca Guerrero Lilliana;MAR 15:00-16:50;;QU1106;1;1
QU1102;Laboratorio de química básica I;1;1;Regular;Araya Carvajal Fabio;MAR 07:30-09:20;;QU1106;1;1
QU1102;Laboratorio de química básica I;1;9;Regular;Araya Carvajal Fabio;MAR 13:00-14:50;;QU1106;1;1
QU1102;Laboratorio de química básica I;1;6;Regular;Arce Rojas Heilen;MAR 09:30-11:20;;QU1106;1;1
QU1106;Química Básica I;3;4;Semipresencial;Vargas Camareno Maricruz;MAR 09:30-11:20|JUE 09:30-11:20;;QU1102;1;1
QU1106;Química Básica I;3;7;Semipresencial;Vargas Camareno Maricruz;MAR 13:00-14:50|JUE 13:00-14:50;;QU1102;1;1
QU1106;Química Básica I;3;9;Semipresencial;Vargas Camareno Maricruz;MAR 15:00-16:50|JUE 15:00-16:50;;QU1102;1;1
QU1106;Química Básica I;3;19;Semipresencial;Villalta Romero Fabian;MIE 13:00-14:50|VIE 13:00-14:50;;QU1102;1;1
QU1106;Química Básica I;3;11;Semipresencial;Villalta Romero Fabian;MIE 13:00-14:50|VIE 13:00-14:50;;QU1102;1;1
CI1407;Habilidades de comunicación en Ingeniería;2;2;Virtual;Morales Garay Saray;MAR 17:00-19:50;;;1;1
CI1407;Habilidades de comunicación en Ingeniería;2;4;Virtual;Morales Garay Saray;JUE 13:00-15:50;;;1;1
CI1407;Habilidades de comunicación en Ingeniería;2;3;Regular;Morales Solano Paola Natalia;LUN 09:30-12:20;;;1;1
CI1407;Habilidades de comunicación en Ingeniería;2;1;Virtual;Morales Solano Paola Natalia;MIE 07:30-10:20;;;1;1
CI1407;Habilidades de comunicación en Ingeniería;2;3;Virtual;Morales Solano Paola Natalia;JUE 13:00-15:50;;;1;1
CS1502;Introducción a la técnica, ciencia y tecnología;1;5;Regular;Bojorge Murillo Alexander;MIE 09:30-11:20;;;1;0
CS1502;Introducción a la técnica, ciencia y tecnología;1;7;Regular;Bojorge Murillo Alexander;LUN 18:00-19:50;;;1;0
CS1502;Introducción a la técnica, ciencia y tecnología;1;11;Regular;Bojorge Murillo Alexander;MIE 15:00-16:50;;;1;0
CS1502;Introducción a la técnica, ciencia y tecnología;1;18;Regular;Bojorge Murillo Alexander;MAR 15:00-16:50;;;1;0
CS1502;Introducción a la técnica, ciencia y tecnología;1;2;Regular;Bojorge Murillo Alexander;MIE 09:30-11:20;;;1;0
CS2101;Ambiente humano;2;1;Virtual;Franceschi Sojo Kattia;MIE 09:30-12:20;;;1;1
CS2101;Ambiente humano;2;2;Virtual;Franceschi Sojo Kattia;MIE 13:00-15:50;;;1;1
CS2101;Ambiente humano;2;5;Virtual;Murillo Solís Javier;JUE 09:30-12:20;;;1;1
CS2101;Ambiente humano;2;4;Virtual;Ortiz Álvarez Jorge Isaac;MIE 15:00-17:50;;;1;1
CS2101;Ambiente humano;2;5;Virtual;Ortiz Álvarez Jorge Isaac;MIE 09:30-12:20;;;1;1
EL2113;Circuitos eléctricos en corriente continua;4;4;Regular;Hernández Rivera Miguel;LUN 07:30-09:20|MIE 07:30-09:20;FI1101,MA1102;;1;1
EL2113;Circuitos eléctricos en corriente continua;4;2;Regular;Pérez Rodríguez Javier;MAR 09:30-11:20|JUE 09:30-11:20;FI1101,MA1102;;1;1
EL2113;Circuitos eléctricos en corriente continua;4;3;Semipresencial;Picado García Fabián Alberto;LUN 07:30-11:20;FI1101,MA1102;;1;1
SE1101;Artes dramáticas;0;2;Regular;Gómez Jiménez Andrea;MAR 17:00-18:50;;;1;1
SE1105;Artes musicales;0;5;Regular;Meza Solano Vinicio;JUE 15:00-16:50;;;1;1
SE1106;Apreciación literaria;0;1;Regular;Ramos Vargas Arnoldo;MAR 07:30-09:20;;;1;1
SE1107;Apreciación de cine;0;2;Regular;Díaz Brenes Nelson;VIE 13:00-14:50;;;1;1
SE1109;Dinámica de la cultura;0;1;Virtual;Sancho Martínez Laura Karina;LUN 07:30-09:20;;;1;1
SE1201;Atletismo;0;2;Virtual;Loria Solano Johnny;MAR 07:30-09:20;;;1;1
SE1204;Natación;0;3;Regular;Sánchez Pérez Lisbeth;MIE 13:00-14:50;;;1;1
SE1205;Juegos y deportes en conjunto;0;8;Regular;Cabrera Araya Gustavo Alcides;MIE 09:30-11:20;;;1;1
SE1206;Acondicionamiento físico;0;3;Regular;Loria Solano Johnny;MAR 09:30-11:20;;;1;1
SE1209;Béisbol-softbol;0;1;Regular;Méndez Solano Miguel;LUN 07:30-09:20;;;1;1
FH0246;La música nos define: visión desde la etnomusicología;0;1;Virtual;Monge Pérez Luis Diego;MIE 18:00-20:50;;;1;1
FH0251;El universo de Star Wars: entre la ciencia ficción, la política y la mitología;0;1;Virtual;Vallecillo Alfaro Johanny;MAR 18:00-20:50;;;1;1
FH0035;Globalización y humanismo;0;1;Virtual;Rodríguez Morales Oscar;MAR 17:00-19:50;;;1;1
FH0047;Educación en nuestros tiempos;0;1;Virtual;Rivera Rojas Fanni;MIE 17:00-19:50;;;1;1
FH0147;Sexo y género, en la vida y el amor;0;1;Regular;Artavia Granados Xinia;SAB 07:30-12:20;;;1;1
EM1401;Introducción a la pedagogía;3;1;Regular;Grettel Gutierrez Ruiz;MIE 09:30-11:20|VIE 09:30-11:20;;;1;1
EM1401;Introducción a la pedagogía;3;2;Regular;Maria Fernanda Mora Casasola;MIE 09:30-11:20|VIE 09:30-11:20;;;1;1
EM1404;Teorías psicopedagógicas del aprendizaje;3;1;Regular;Alejandra Alfaro Barquero;MAR 15:00-16:50|JUE 15:00-16:50;;;1;1
EM1600;Tecnologías digitales aplicadas a la matemática educativa I;3;1;Regular;Edward Parra Salazar;MIE 13:00-14:50|VIE 13:00-14:50;;;1;1
EM1605;Fundamentos de matemática I;4;1;Regular;Jorge Monge Fallas;MAR 09:30-11:20|MIE 07:30-09:20|JUE 09:30-11:20;;;1;1
EM1606;Fundamentos de matemática II;4;1;Regular;Jorge Monge Fallas;MAR 09:30-11:20|MIE 07:30-09:20|VIE 07:30-09:20;EM1605;;1;0
EM1607;Didáctica de la geometría;3;1;Regular;Carlos Monge Madriz;MIE 13:00-14:50|VIE 13:00-14:50;EM1608,EM2606;;1;0
EM1608;Didáctica del álgebra y funciones;3;1;Regular;Zuleyka Suarez Valdes-Ayala;MAR 07:30-09:20|JUE 07:30-09:20;EM1606,EM2408;;1;0
EM2408;Aprendizaje y didáctica de la matemática;2;1;Regular;Sigurd Ramos Marin;MAR 16:00-18:50;EM1401;;1;0
EM2603;Cálculo y análisis I;5;1;Regular;Andy Alvarado Solano;MAR 09:30-11:20|JUE 09:30-11:20;EM3607;;1;0
EM2604;Geometría I;4;1;Regular;Randall Blanco Benamburg;MAR 13:00-14:50|JUE 13:00-14:50;MA1403;;1;1
EM2606;Geometría II;4;1;Regular;Randall Blanco Benamburg;MIE 13:00-14:50|VIE 13:00-14:50;EM2604;;1;0
EM2608;Elementos de análisis de datos y probabilidad;3;1;Regular;Guillermo Ramirez Montes;MAR 13:00-14:50|JUE 13:00-14:50;EM1606;;1;0
EM3048;Atención a la diversidad en la enseñanza y el aprendizaje de la matemática;3;1;Regular;Marcela Marrero Calvo;MIE 07:30-09:20|VIE 07:30-09:20;EM3407;;1;0
EM3407;Psicología del desarrollo;3;1;Tutoría;Katherine Palma Picado;MIE 07:30-10:20;EM1404;;1;0
EM3607;Álgebra lineal;5;1;Regular;Juan Pablo Soto Quiros;MAR 13:00-14:50|JUE 13:00-14:50;EM1606;EM1608;1;0
EM1609;Didáctica de la probabilidad y la estadística;3;1;Regular;Greivin Ramirez Arce;MAR 07:30-09:20|JUE 07:30-09:20;;;1;1
CI1230;Inglés I;2;1;Virtual;Sonia Albertazzi Osorio;LUN 07:30-10:20;CI0200,CI0202;;1;0
CI1230;Inglés I;2;7;Virtual;Sonia Albertazzi Osorio;MIE 09:30-12:20;CI0200,CI0202;;1;0
CI1230;Inglés I;2;2;Regular;Sonia Albertazzi Osorio;MAR 07:30-10:20;CI0200,CI0202;;1;0
CI1230;Inglés I;2;9;Regular;Sonia Albertazzi Osorio;JUE 13:00-15:50;CI0200,CI0202;;1;0
CI1230;Inglés I;2;8;Regular;Carlos Andres Gomez Montoya;MIE 18:00-20:50|JUE 18:00-20:50;CI0200,CI0202;;1;0
CI1231;Inglés II;2;10;Virtual;Esteban Fuentes Mora;MIE 16:00-18:50;CI1230;;1;0
CI1231;Inglés II;2;11;Regular;Esteban Fuentes Mora;MIE 13:00-15:50;CI1230;;1;0
CI1231;Inglés II;2;5;Virtual;Carlos Andres Gomez Montoya;MIE 18:00-20:50;CI1230;;1;0
CI1231;Inglés II;2;11;Virtual;Carlos Andres Gomez Montoya;JUE 17:00-19:50;CI1230;;1;0
CI1231;Inglés II;2;5;Regular;Carlos Andres Gomez Montoya;MAR 18:00-20:50;CI1230;;1;0
CI1405;Fundamentos de comunicación académica;3;1;Virtual;Gabriela Amador Solano;MAR 07:30-09:20|JUE 07:30-09:20;;;1;1
CI1405;Fundamentos de comunicación académica;3;2;Virtual;Saray Morales Garay;MAR 07:30-09:20|JUE 07:30-09:20;;;1;1
CI1406;Argumentación e investigación en comunicación académica;3;1;Regular;Paola Natalia Morales Solano;MAR 07:30-09:20|JUE 07:30-09:20;CI1405;;1;0
CA2125;Elementos de computación;3;9;Semipresencial;Rodrigo Bogarin Navarro;MAR 19:00-20:50|JUE 19:00-20:50;;;1;1
CA2125;Elementos de computación;3;9;Semipresencial;Ivan Campos Fernandez;MIE 17:00-18:50|VIE 17:00-18:50;;;1;1
CA2125;Elementos de computación;3;10;Semipresencial;Ivan Campos Fernandez;MAR 19:00-20:50|JUE 19:00-20:50;;;1;1
CA2125;Elementos de computación;3;5;Semipresencial;Ivan Campos Fernandez;MAR 17:00-18:50|JUE 17:00-18:50;;;1;1
CA2125;Elementos de computación;3;6;Semipresencial;Ivan Campos Fernandez;MAR 19:00-20:50|JUE 19:00-20:50;;;1;1
